Activity Type,Date,Favorite,Title,Distance,Calories,Time,Avg HR,Max HR,Aerobic TE,Avg Run Cadence,Max Run Cadence,Avg Pace,Best Pace,Elev Gain,Elev Loss,Avg Stride Length,Avg Vertical Ratio,Avg Vertical Oscillation,Avg Ground Contact Time,Avg GCT Balance,Training Stress ScoreÂ®,Grit,Flow,Climb Time,Bottom Time,Min Temp,Surface Interval,Decompression,Best Lap Time,Number of Laps,Max Temp
Running,12/11/20 11:59,FALSE,Linn County - W13D4-Intervals,3.01,352,0:30:48,174,187,3.9,166,192,10:15,9:01,--,3,0.95,8.8,8.5,271,50.2% L / 49.8% R,0,0,0,30:48:00,0:00,0,0:00,No,00:48.5,12,0
Running,12/10/20 10:37,FALSE,Linn County - W13D3-Easy Run,3,281,0:34:14,133,156,2.3,157,183,11:25,9:01,3,3,0.9,0,0,--,--,0,0,0,34:14:00,0:00,0,0:00,No,04:14.2,4,0
Running,12/9/20 13:32,FALSE,Linn County - W13D2-Threshold Run,4.17,479,0:45:01,163,183,3.8,160,233,10:48,8:47,6,6,0.93,0,0,--,--,0,0,0,45:01:00,0:00,0,0:00,No,00:01.0,7,0
Running,12/8/20 13:33,FALSE,Linn County - W12D7-Long Run,5.11,605,1:00:02,155,171,3.5,151,195,11:45,9:01,20,20,0.91,0,0,--,--,0,0,0,1:00:02,0:00,0,0:00,No,00:02.3,7,0
Running,12/7/20 13:45,FALSE,Lincoln County - W12D6-Fartlek,4.34,474,0:45:04,156,182,3.7,160,175,10:24,8:57,32,65,0.97,0,0,--,--,0,0,0,45:04:00,0:00,0,0:00,No,00:04.1,6,0
Running,12/4/20 12:07,FALSE,Linn County - W12D4-Easy Run,3.11,357,0:35:55,151,174,2.9,155,169,11:33,7:54,2,5,0.9,0,0,--,--,0,0,0,35:55:00,0:00,0,0:00,No,05:54.7,4,0
Running,12/3/20 11:54,FALSE,Linn County - W12D3-Intervals,4.01,352,0:40:49,140,165,2.8,163,183,10:11,8:36,17,17,0.96,0,0,--,--,0,0,0,40:49:00,0:00,0,0:00,No,00:49.4,12,0
Running,12/2/20 9:34,FALSE,Linn County - W12D2a-Easy Run,3.01,331,0:31:53,159,182,3.4,159,175,10:35,9:15,9,12,0.96,0,0,--,--,0,0,0,31:53:00,0:00,0,0:00,No,01:53.3,4,0
Running,11/30/20 14:50,FALSE,Lincoln County - W11D6a-Recovery Run,2.73,290,0:30:02,153,181,3,157,183,11:00,7:56,11,43,0.93,0,0,--,--,0,0,0,30:02:00,0:00,0,0:00,No,00:01.7,4,0
Running,11/29/20 10:46,FALSE,Lincoln County - W11D7-Long Run,10.35,"1,117",2:00:02,156,181,3.4,154,169,11:36,8:11,435,438,0.9,0,0,--,--,0,0,0,2:00:02,0:00,0,0:00,No,00:02.1,12,0
Running,11/28/20 13:40,FALSE,Lincoln County - W11D5-Intervals,3.27,334,0:34:01,153,180,3.2,164,175,10:23,9:16,116,176,0.95,0,0,--,--,0,0,0,34:01:00,0:00,0,0:00,No,00:01.4,7,0
Running,11/26/20 10:23,FALSE,Lincoln County - W11D3-Threshold Run,4.03,435,0:40:03,167,189,4.1,164,250,9:57,7:10,49,69,0.98,0,0,--,--,0,0,0,40:03:00,0:00,0,0:00,No,00:03.0,6,0
Running,11/25/20 15:48,FALSE,Linn County - W11D2-Easy Run,3.55,402,0:40:02,156,182,3.5,156,175,11:17,6:58,17,17,0.91,0,0,--,--,0,0,0,40:02:00,0:00,0,0:00,No,00:01.9,5,0
Running,11/23/20 11:53,FALSE,Lincoln County - W10D7-Long Run,9.1,"1,047",1:45:03,157,180,4.2,153,236,11:33,7:03,226,230,0.91,0,0,--,--,0,0,0,1:45:03,0:00,0,0:00,No,00:03.0,11,0
Running,11/22/20 9:44,FALSE,Lincoln County - W10D6-Intervals,4.56,403,0:46:01,144,182,3.2,163,180,10:06,8:20,47,79,0.97,0,0,--,--,0,0,0,46:01:00,0:00,0,0:00,No,00:00.6,11,0
Running,11/19/20 16:02,FALSE,Linn County - W10D3-Intervals,3.61,403,0:40:03,162,188,3.7,156,170,11:05,9:31,13,13,0.92,0,0,--,--,0,0,0,40:03:00,0:00,0,0:00,No,00:03.0,12,0
Running,11/18/20 13:38,FALSE,Linn County - W10D2-Easy Run,3.01,327,0:33:25,157,184,3.3,157,232,11:06,9:18,22,22,0.92,0,0,--,--,0,0,0,33:25:00,0:00,0,0:00,No,03:25.3,4,0
Running,11/17/20 13:31,FALSE,Linn County - W09D6-Fartlek,4.08,451,0:45:04,161,185,3.8,158,178,11:03,8:43,16,16,0.92,0,0,--,--,0,0,0,45:04:00,0:00,0,0:00,No,00:03.6,6,0
Running,11/15/20 9:34,FALSE,Lincoln County - W09D4a-Easy Run,3.01,155,0:31:10,109,120,1.2,163,173,10:22,9:04,48,50,0.95,0,0,--,--,0,0,0,31:10:00,0:00,0,0:00,No,01:10.3,4,0
Running,11/14/20 11:34,FALSE,Linn County - W09D3-Intervals,3.61,363,0:40:59,148,188,3.3,155,171,11:22,9:49,17,18,0.91,0,0,--,--,0,0,0,40:59:00,0:00,0,0:00,No,00:59.2,8,0
Running,11/13/20 9:20,FALSE,Linn County - W09D7-Long Run,8.01,857,1:34:54,162,180,3.9,153,167,11:51,9:47,34,34,0.89,0,0,--,--,0,0,0,1:34:54,0:00,0,0:00,No,04:54.2,9,0
Running,11/11/20 14:24,FALSE,Linn County - W09D2a-Easy Run,3.71,413,0:42:43,158,176,3.6,154,175,11:31,10:05,12,20,0.91,0,0,--,--,0,0,0,42:43:00,0:00,0,0:00,No,02:42.9,5,0
Running,11/10/20 13:38,FALSE,Linn County - W08D7-10K Race,6.22,703,1:05:31,171,192,5,161,172,10:32,8:52,23,23,0.95,0,0,--,--,0,0,0,1:05:31,0:00,0,0:00,No,02:22.1,7,0
Running,11/9/20 9:09,FALSE,Lincoln County - W08D6-Easy Run,2.01,216,0:23:09,152,176,2.9,154,168,11:31,9:16,42,47,0.91,0,0,--,--,0,0,0,23:09,0:00,0,0:00,No,03:08.5,3,0
Running,11/7/20 8:36,FALSE,Linn County - W08D4-Threshold Run,2.61,298,0:31:22,159,175,3.1,152,168,12:02,9:59,--,--,0.88,0,0,--,--,0,0,0,31:22:00,0:00,0,0:00,No,01:22.5,4,0
Running,11/6/20 8:53,FALSE,Linn County - W08D3-Easy Run,3.01,343,0:36:50,153,174,3.1,150,168,12:14,10:16,3,3,0.87,0,0,--,--,0,0,0,36:50:00,0:00,0,0:00,No,05:36.3,4,0
Running,11/5/20 10:01,FALSE,Linn County - W08D2-Intervals,3.01,293,0:34:18,144,172,3,155,173,11:23,9:06,6,5,0.91,0,0,--,--,0,0,0,34:18:00,0:00,0,0:00,No,01:30.0,10,0
Running,11/4/20 9:39,FALSE,Linn County - W07D7-Long Run,7.51,837,1:33:10,157,189,3.9,149,175,12:24,9:01,41,41,0.87,0,0,--,--,0,0,0,1:33:10,0:00,0,0:00,No,03:09.9,9,0
Running,11/2/20 14:17,FALSE,Lincoln County - W07D6-Intervals,3.51,415,0:39:39,170,187,4.1,154,163,11:18,9:53,51,55,0.92,0,0,--,--,0,0,0,39:39:00,0:00,0,0:00,No,01:00.0,10,0
Running,10/31/20 11:20,FALSE,Linn County - W07D4a-Easy Run,3.91,447,0:46:22,157,176,3.5,151,173,11:52,10:12,17,17,0.9,0,0,--,--,0,0,0,46:22:00,0:00,0,0:00,No,04:21.4,5,0
Running,10/30/20 11:07,FALSE,Linn County - W07D3-Threshold Run,4.01,435,0:45:04,155,183,3.6,155,174,11:14,9:43,12,12,0.92,0,0,--,--,0,0,0,45:04:00,0:00,0,0:00,No,00:03.6,7,0
Running,10/29/20 15:38,FALSE,Linn County - W07D2-Easy Run,3.51,388,0:39:28,158,180,3.5,156,170,11:14,9:35,--,4,0.92,0,0,--,--,0,0,0,39:28:00,0:00,0,0:00,No,01:18.7,5,0
Running,10/28/20 9:33,FALSE,Linn County - W06D7-Long Run,8.01,873,1:36:09,157,182,3.7,152,172,12:00,9:37,38,39,0.88,0,0,--,--,0,0,0,1:36:09,0:00,0,0:00,No,05:19.0,9,0
Running,10/27/20 10:31,FALSE,Lincoln County - W06D6-Hills,4.01,439,0:42:24,165,186,4,160,173,10:35,8:46,59,84,0.95,0,0,--,--,0,0,0,42:24:00,0:00,0,0:00,No,02:00.0,8,0
Running,10/23/20 17:46,FALSE,Linn County - W06D4a-Easy Run,4.04,445,0:48:46,148,175,3.2,151,184,12:04,8:59,10,10,0.88,0,0,--,--,0,0,0,48:46:00,0:00,0,0:00,No,03:20.4,5,0
Running,10/22/20 13:27,FALSE,Linn County - W06D3-Intervals,3.52,313,0:38:02,141,172,3,161,179,10:48,9:11,13,14,0.92,0,0,--,--,0,0,0,38:02:00,0:00,0,0:00,No,00:02.4,10,0
Running,10/21/20 11:23,FALSE,Linn County - W06D2-Easy Run,3.21,370,0:40:07,158,175,3.3,150,173,12:29,10:05,6,9,0.86,0,0,--,--,0,0,0,40:07:00,0:00,0,0:00,No,04:28.1,4,0
Running,10/20/20 11:00,FALSE,Lincoln County - W05D7-Long Run,8.01,887,1:34:27,159,183,4.2,152,175,11:48,8:49,192,195,0.9,0,0,--,--,0,0,0,1:34:27,0:00,0,0:00,No,04:27.2,9,0
Running,10/19/20 13:20,FALSE,Lincoln County - W05D6-Hills,4.01,420,0:45:02,159,182,3.7,158,177,11:14,7:54,250,262,0.9,0,0,--,--,0,0,0,45:02:00,0:00,0,0:00,No,02:00.0,8,0
Running,10/16/20 11:25,FALSE,Linn County - W05D4a-Easy Run,2.71,314,0:31:12,166,183,3.5,155,172,11:31,9:02,1,3,0.9,0,0,--,--,0,0,0,31:12:00,0:00,0,0:00,No,01:11.8,4,0
Running,10/15/20 15:33,FALSE,Linn County - W05D3-Intervals,4.01,394,0:44:05,152,189,3.7,162,174,11:00,9:24,19,19,0.9,0,0,--,--,0,0,0,44:05:00,0:00,0,0:00,No,01:00.0,14,0
Running,10/14/20 10:41,FALSE,Linn County - W05D2-Easy Run,2.91,325,0:34:38,158,174,3.2,153,167,11:55,9:08,3,3,0.88,0,0,--,--,0,0,0,34:38:00,0:00,0,0:00,No,04:37.9,4,0
Running,10/13/20 15:26,FALSE,Linn County - W04D7-Long Run,4.01,454,0:45:24,163,186,4,158,170,11:20,9:35,9,9,0.9,0,0,--,--,0,0,0,45:24:00,0:00,0,0:00,No,00:23.8,5,0
Running,10/12/20 17:22,FALSE,Linn County - W04D6-Fartlek,3.61,393,0:40:26,158,179,3.6,162,174,11:12,9:22,17,17,0.89,0,0,--,--,0,0,0,40:26:00,0:00,0,0:00,No,00:26.3,5,0
Running,10/9/20 11:19,FALSE,Linn County - W04D4-Easy Run,3.01,333,0:36:23,153,173,3.2,153,177,12:06,9:53,3,3,0.87,0,0,--,--,0,0,0,36:23:00,0:00,0,0:00,No,05:19.4,4,0
Running,10/8/20 13:56,FALSE,Linn County - W04D3-Intervals,3.51,384,0:39:10,163,193,3.9,158,175,11:10,9:18,13,13,0.91,0,0,--,--,0,0,0,39:10:00,0:00,0,0:00,No,01:15.0,10,0
Running,10/7/20 13:59,FALSE,Linn County - W04D2-Easy Run,3.42,401,0:42:21,162,192,3.4,150,168,12:24,10:53,13,12,0.87,0,0,--,--,0,0,0,42:21:00,0:00,0,0:00,No,02:20.6,5,0
Running,10/6/20 10:43,FALSE,Linn County - W03D7-Long Run,7.01,790,1:25:42,158,175,3.5,153,173,12:14,7:21,24,28,0.86,0,0,--,--,0,0,0,1:25:42,0:00,0,0:00,No,05:42.4,8,0
Running,10/5/20 11:32,FALSE,Lincoln County - W03D6-Hills,3.08,346,0:34:02,164,186,3.6,158,175,11:03,9:13,95,132,0.92,0,0,--,--,0,0,0,34:02:00,0:00,0,0:00,No,00:02.3,8,0
Running,10/2/20 10:22,FALSE,Linn County - W03D4a-Easy Run,4.04,443,0:49:03,146,172,3.2,150,173,12:09,9:55,12,12,0.88,0,0,--,--,0,0,0,49:03:00,0:00,0,0:00,No,04:03.0,5,0
Running,10/1/20 9:01,FALSE,Linn County - W03D3-Intervals,3.51,378,0:39:09,161,185,3.5,159,179,11:10,8:59,11,11,0.9,0,0,--,--,0,0,0,39:09:00,0:00,0,0:00,No,01:30.0,10,0
Running,9/30/20 9:29,FALSE,Linn County - W03D2a-Easy Run,3.01,322,0:37:01,144,170,3.1,152,173,12:19,10:51,15,15,0.86,0,0,--,--,0,0,0,37:01:00,0:00,0,0:00,No,05:20.2,4,0
Running,9/29/20 9:43,FALSE,Linn County - W02D7-Long Run,7.01,804,1:25:34,163,179,4.1,151,165,12:12,10:27,26,26,0.87,0,0,--,--,0,0,0,1:25:34,0:00,0,0:00,No,03:16.4,8,0
Running,9/28/20 8:57,FALSE,Lincoln County - W02D6-Hills,3.91,423,0:44:43,160,182,3.8,156,177,11:26,9:22,214,209,0.9,0,0,--,--,0,0,0,44:43:00,0:00,0,0:00,No,00:01.1,11,0
Running,9/25/20 9:38,FALSE,Linn County - W02D4a-Easy Run,5.01,554,1:01:26,155,182,3.8,152,169,12:16,10:34,30,30,0.86,0,0,--,--,0,0,0,1:01:26,0:00,0,0:00,No,03:08.0,6,0
Running,9/24/20 13:19,FALSE,Linn County - W02D3-Intervals,4.05,420,0:44:48,161,180,3.9,158,176,11:04,9:16,18,18,0.92,0,0,--,--,0,0,0,44:48:00,0:00,0,0:00,No,00:53.9,13,0
Running,9/23/20 10:50,FALSE,Linn County - W02D2-Easy Run,5.01,574,1:00:49,164,180,4,150,170,12:08,9:59,18,18,0.89,0,0,--,--,0,0,0,1:00:49,0:00,0,0:00,No,03:30.9,6,0
Running,9/22/20 7:21,FALSE,Linn County Running,2.52,283,0:32:43,147,170,3.1,148,173,12:58,10:25,3,3,0.84,0,0,--,--,0,0,0,32:43:00,0:00,0,0:00,No,00:01.1,4,0
Running,9/21/20 17:49,FALSE,Linn County - W01D7-Long Run,6.01,678,1:10:17,163,184,4.8,153,165,11:42,10:03,27,27,0.9,0,0,--,--,0,0,0,1:10:17,0:00,0,0:00,No,01:31.0,7,0
Running,9/20/20 18:11,FALSE,Lincoln County - W01D6-Fartlek,2.54,277,0:28:17,163,185,3.6,156,169,11:08,8:41,108,168,0.93,0,0,--,--,0,0,0,28:17:00,0:00,0,0:00,No,02:51.6,4,0
Running,9/18/20 17:57,FALSE,Linn County - W01D3-Steady Run,4.04,465,0:45:25,168,183,4.5,153,165,11:15,10:20,19,19,0.94,0,0,--,--,0,0,0,45:25:00,0:00,0,0:00,No,00:03.1,7,0
Treadmill Running,9/17/20 12:55,FALSE,W01D2-Easy Run,3,376,0:36:03,170,186,4.1,150,171,12:01,8:47,--,--,0.9,0,0,--,--,0,0,0,36:03:00,0:00,0,0:00,No,01:03.1,4,0
Running,9/4/20 8:44,FALSE,Linn County - W07D2a-Recovery Run,3,354,0:36:10,161,188,3.4,154,172,12:03,10:29,3,7,0.87,0,0,--,--,0,0,0,36:10:00,0:00,0,0:00,No,05:30.3,4,0
Running,9/2/20 7:34,FALSE,Linn County - W06D6-Intervals,4,474,0:46:04,168,187,4,156,169,11:32,10:07,12,12,0.89,0,0,--,--,0,0,0,46:04:00,0:00,0,0:00,No,01:30.0,8,0
Running,8/28/20 10:15,FALSE,Linn County - W06D4-Intervals,3.25,365,0:37:37,158,181,3.4,158,176,11:34,8:59,5,5,0.88,0,0,--,--,0,0,0,37:37:00,0:00,0,0:00,No,00:07.2,13,0
Running,8/27/20 20:44,FALSE,Linn County - W06D3a-Recovery Run,2.62,271,0:30:02,144,162,3,160,174,11:27,9:55,3,3,0.88,0,0,--,--,0,0,0,30:02:00,0:00,0,0:00,No,00:01.7,4,0
Running,8/26/20 9:12,FALSE,Linn County - W06D2-Intervals,4.5,517,0:50:54,165,188,4.3,159,173,11:18,9:24,23,23,0.89,0,0,--,--,0,0,0,50:54:00,0:00,0,0:00,No,02:00.0,8,0
Running,8/24/20 9:42,FALSE,Lincoln County - W05D7-Long Run,8,842,1:32:26,162,184,3.7,156,231,11:33,8:13,132,171,0.89,0,0,--,--,0,0,0,1:32:26,0:00,0,0:00,No,02:25.7,9,0
Running,8/21/20 11:31,FALSE,Lincoln County - W05D6-Intervals,4.33,434,0:46:02,158,185,3.8,164,177,10:38,9:02,67,93,0.92,0,0,--,--,0,0,0,46:02:00,0:00,0,0:00,No,00:01.6,14,0
Running,8/20/20 9:02,FALSE,Linn County - W05D3a-Recovery Run,2.7,295,0:32:30,149,180,3.2,154,174,12:03,10:14,5,5,0.86,0,0,--,--,0,0,0,32:30:00,0:00,0,0:00,No,02:29.5,4,0
Running,8/19/20 8:15,FALSE,Linn County - W05D3a-Recovery Run,5.5,621,1:07:01,157,178,4,153,163,12:12,10:36,23,26,0.86,0,0,--,--,0,0,0,1:07:01,0:00,0,0:00,No,00:37.0,7,0
Running,8/18/20 7:40,FALSE,Linn County - W04D7-Long Run,6.21,681,1:20:37,149,171,3.4,149,164,12:59,11:01,22,29,0.83,0,0,--,--,0,0,0,1:20:37,0:00,0,0:00,No,00:03.5,8,0
Running,8/17/20 17:10,FALSE,Lincoln County - W05D2-Intervals,4.3,470,0:47:37,169,192,4.5,158,234,11:05,9:09,38,69,0.92,0,0,--,--,0,0,0,47:37:00,0:00,0,0:00,No,00:07.4,12,0
Running,8/13/20 8:50,FALSE,Linn County - W04D6-Intervals,4.16,432,0:46:03,162,183,3.9,162,196,11:04,8:23,15,15,0.9,9.7,8.8,285,49.8% L / 50.2% R,0,0,0,46:03:00,0:00,0,0:00,No,00:03.0,8,0
Running,8/11/20 9:40,FALSE,Linn County - W04D2-Intervals,4.04,450,0:45:02,170,189,4.7,160,182,11:09,7:26,22,27,0.91,9.1,8.3,305,49.7% L / 50.3% R,0,0,0,45:02:00,0:00,0,0:00,No,00:02.2,9,0
Running,8/10/20 10:48,FALSE,Lincoln County - W04D3a-Recovery Run,2.52,275,0:30:04,159,176,3.3,153,171,11:57,6:51,24,34,0.88,10.8,9.6,321,49.8% L / 50.2% R,0,0,0,30:04:00,0:00,0,0:00,No,00:04.1,4,0
Running,8/9/20 19:26,FALSE,Lincoln County - W04D4-Fartlek Run,6.21,685,1:10:43,170,184,4.8,157,240,11:23,8:56,108,140,0.91,9.9,9.1,309,49.2% L / 50.8% R,0,0,0,1:10:43,0:00,0,0:00,No,03:21.0,7,0
Running,7/31/20 10:12,FALSE,Lincoln County - W03D7-Long Run,9.19,969,1:45:04,162,179,4.8,158,183,11:26,9:13,224,222,0.88,10.3,9.2,300,49.0% L / 51.0% R,0,0,0,1:45:04,0:00,0,0:00,No,00:04.1,11,0
Running,7/29/20 7:14,FALSE,Linn County - W03D6-Intervals,4,416,0:42:26,170,188,4.5,163,179,10:37,9:11,705,673,0.93,9.1,8.6,282,49.0% L / 51.0% R,0,0,0,42:26:00,0:00,0,0:00,No,00:12.2,8,0
Running,7/28/20 9:04,FALSE,Linn County - W03D4-Recovery Run,4,450,0:46:40,169,179,3.9,154,233,11:40,9:43,722,728,0.9,9.4,8.6,321,50.5% L / 49.5% R,0,0,0,46:40:00,0:00,0,0:00,No,01:40.1,5,0
Running,7/27/20 8:35,FALSE,Lincoln County - W03D2-Intervals,4.04,442,0:42:35,176,192,5,162,181,10:32,9:04,"1,017",958,0.94,9.3,8.8,286,49.3% L / 50.7% R,0,0,0,42:35:00,0:00,0,0:00,No,00:04.7,12,0
Running,7/24/20 9:25,FALSE,Lincoln County - W02D7-Long Run,8,894,1:31:54,170,185,5,155,175,11:29,9:43,"1,680","1,627",0.9,10,9.1,308,50.5% L / 49.5% R,0,0,0,1:31:54,0:00,0,0:00,No,01:53.5,9,0
Running,7/23/20 7:52,FALSE,Linn County - W02D6-Intervals,4.51,499,0:48:18,174,192,4.6,162,184,10:43,9:06,"1,027",879,0.93,8.9,8.5,290,49.8% L / 50.2% R,0,0,0,48:18:00,0:00,0,0:00,No,02:00.0,10,0
Running,7/22/20 8:11,FALSE,Linn County - W02D4b-Recovery Run,4,462,0:46:30,166,180,4.1,156,167,11:38,10:43,26,26,0.88,9.7,8.7,311,48.5% L / 51.5% R,0,0,0,46:30:00,0:00,0,0:00,No,04:59.6,5,0
Running,7/21/20 7:10,FALSE,Linn County - W02D3-Intervals,4,469,0:45:27,172,186,4.1,157,186,11:22,9:11,13,13,0.91,10,9.2,296,49.2% L / 50.8% R,0,0,0,45:27:00,0:00,0,0:00,No,01:30.0,10,0
Running,7/20/20 9:18,FALSE,Lincoln County - W02D2-Recovery Run,4.01,468,0:44:56,165,182,4,157,173,11:13,9:33,63,94,0.91,10,9.2,311,50.1% L / 49.9% R,0,0,0,44:56:00,0:00,0,0:00,No,02:09.5,5,0
Running,7/17/20 7:41,FALSE,Linn County - W01D7-Long Run,7,784,1:22:15,154,178,3.8,155,172,11:45,9:25,26,26,0.89,10.1,9.2,311,49.0% L / 51.0% R,0,0,0,1:22:15,0:00,0,0:00,No,03:53.3,8,0
Running,7/16/20 6:54,FALSE,Linn County - W01D6-Fartlek Run,4.3,394,0:45:12,146,177,3.3,161,170,10:31,9:47,19,19,0.95,0,0,--,--,0,0,0,45:12:00,0:00,0,0:00,No,00:11.9,6,0
Running,7/15/20 7:23,FALSE,Lincoln County - W01D3-Intervals,4,422,0:41:45,168,187,4.1,162,177,10:26,8:59,35,67,0.95,0,0,--,--,0,0,0,41:45:00,0:00,0,0:00,No,01:30.0,10,0
Running,7/14/20 8:26,FALSE,Linn County - W01D2-Easy Run,4,452,0:46:35,160,177,3.7,154,173,11:38,10:01,22,22,0.9,0,0,--,--,0,0,0,46:35:00,0:00,0,0:00,No,04:56.9,5,0
Running,7/13/20 9:24,FALSE,Lincoln County - W16D7-Marathon,6.42,708,1:16:15,154,173,3.8,155,165,11:52,10:29,96,102,0.88,0,0,--,--,0,0,0,1:16:15,0:00,0,0:00,No,05:08.5,7,0
Running,7/11/20 7:59,FALSE,Lincoln County - W16D6-Easy Run,2.01,207,0:21:56,156,178,3,160,171,10:56,9:59,17,55,0.92,0,0,--,--,0,0,0,21:56,0:00,0,0:00,No,01:55.6,3,0
Running,7/10/20 9:17,FALSE,Linn County - W16D4-Easy Run,6.25,737,1:13:16,166,181,4.5,155,165,11:43,9:49,29,29,0.88,0,0,--,--,0,0,0,1:13:16,0:00,0,0:00,No,06:28.2,7,0
Running,7/8/20 9:14,FALSE,Linn County - W16D2-Intervals,2.14,203,0:22:05,155,182,3,162,170,10:20,9:15,8,8,0.96,0,0,--,--,0,0,0,22:05,0:00,0,0:00,No,00:04.9,6,0
Running,7/6/20 20:02,FALSE,Linn County - W15D7-Long Run,7,786,1:15:00,172,189,5,163,183,10:43,9:27,39,39,0.92,0,0,--,--,0,0,0,1:15:00,0:00,0,0:00,No,04:59.7,8,0
Running,7/5/20 19:23,FALSE,Lincoln County - W15D6-Easy Run,3,290,0:32:20,152,176,3.2,162,172,10:46,9:39,71,114,0.93,0,0,--,--,0,0,0,32:20:00,0:00,0,0:00,No,02:19.7,4,0
Running,7/3/20 9:34,FALSE,Linn County - W15D4-Threshold Run,7,728,1:16:42,164,185,5,161,172,10:58,9:35,40,41,0.91,0,0,--,--,0,0,0,1:16:42,0:00,0,0:00,No,01:41.1,10,0
Running,7/2/20 9:36,FALSE,Linn County - W15D2-Intervals,4.41,447,0:46:06,172,191,4.7,164,173,10:28,9:04,14,20,0.93,0,0,--,--,0,0,0,46:06:00,0:00,0,0:00,No,00:00.8,16,0
Running,6/30/20 11:55,FALSE,Lincoln County - W14D7-Long Run,10.4,"1,178",2:00:43,174,184,5,157,175,11:36,9:35,342,383,0.89,9.7,8.8,307,50.6% L / 49.4% R,0,0,0,2:00:43,0:00,0,0:00,No,00:42.6,13,0
Running,6/26/20 8:20,FALSE,Linn County - W14D6-Easy Run,3.5,383,0:40:14,170,181,4.1,161,187,11:30,10:32,10,10,0.87,10.4,9.2,289,49.5% L / 50.5% R,0,0,0,40:14:00,0:00,0,0:00,No,00:13.5,5,0
Running,6/25/20 8:16,FALSE,Linn County - W14D3-Intervals,4.31,482,0:48:05,175,185,4.8,163,188,11:09,9:13,20,20,0.88,9.9,8.8,287,50.0% L / 50.0% R,0,0,0,48:05:00,0:00,0,0:00,No,00:04.8,10,0
Running,6/24/20 7:21,FALSE,Linn County - W14D2-Easy Run,4.03,448,0:49:32,164,175,3.7,156,256,12:18,10:29,19,19,0.84,9.3,8,333,49.9% L / 50.1% R,0,0,0,49:32:00,0:00,0,0:00,No,04:31.9,5,0
Running,6/22/20 9:09,FALSE,Lincoln County - W13D7-Long Run,13.1,"1,435",2:34:49,165,178,4.4,157,171,11:49,9:01,331,368,0.87,9.3,8.2,324,50.4% L / 49.6% R,0,0,0,2:34:49,0:00,0,0:00,No,02:23.8,15,0
Running,6/20/20 16:39,FALSE,Lincoln County - W13D4-Threshold Run,6.16,607,1:10:08,162,185,4,163,219,11:23,8:36,114,158,0.87,9,8,261,50.5% L / 49.5% R,0,0,0,1:10:08,0:00,0,0:00,No,00:08.5,9,0
Running,6/19/20 9:18,FALSE,Lincoln County - W13D4-Threshold Run,1.6,175,0:21:30,151,164,2.6,152,159,13:25,11:30,50,53,0.79,10.9,8.7,330,49.8% L / 50.2% R,0,0,0,21:30,0:00,0,0:00,No,08:14.2,2,0
Running,6/18/20 10:53,FALSE,Lincoln County - W13D2-Intervals,5.97,686,1:08:23,179,193,5,160,230,11:27,9:41,98,130,0.88,10.1,9,256,55.5% L / 44.5% R,0,0,0,1:08:23,0:00,0,0:00,No,00:08.3,16,0
Running,6/16/20 18:06,FALSE,Lincoln County - W12D7-Long Run,15.17,"1,724",3:00:10,170,181,5,157,171,11:53,9:51,347,378,0.86,9.7,8.5,319,50.5% L / 49.5% R,0,0,0,3:00:10,0:00,0,0:00,No,00:09.7,17,0
Running,6/13/20 8:14,FALSE,Linn County - W12D6-Easy Run,2.7,304,0:33:40,154,169,3.2,161,193,12:29,11:09,--,3,0.8,9.7,7.9,312,50.0% L / 50.0% R,0,0,0,33:40:00,0:00,0,0:00,No,03:40.1,4,0
Running,6/12/20 8:35,FALSE,Linn County - W12D3-Intervals,6.5,704,1:12:37,167,182,4.6,165,204,11:10,9:24,30,30,0.87,8.9,7.9,288,49.9% L / 50.1% R,0,0,0,1:12:37,0:00,0,0:00,No,02:00.0,13,0
Running,6/11/20 8:58,FALSE,Linn County - W12D5-Intervals,3,320,0:34:35,162,184,3.6,164,183,11:32,8:57,--,3,0.86,9.3,8.2,279,50.1% L / 49.9% R,0,0,0,34:35:00,0:00,0,0:00,No,01:00.0,13,0
Running,6/10/20 16:12,FALSE,Linn County - W12D2-Easy Run,4.19,460,0:45:04,174,185,4.8,164,248,10:45,8:03,21,18,0.92,8.7,8.2,290,49.6% L / 50.4% R,0,0,0,45:04:00,0:00,0,0:00,No,00:04.3,6,0
Running,6/8/20 8:13,FALSE,Lincoln County - W11D7-Long Run,15,"1,646",3:04:48,162,179,5,155,187,12:19,10:25,368,404,0.85,10,8.6,317,50.7% L / 49.3% R,0,0,0,3:04:48,0:00,0,0:00,No,04:47.9,16,0
Running,6/7/20 9:56,FALSE,Lincoln County - W11D6-Easy Run,3,314,0:31:19,170,190,4.1,166,178,10:25,9:39,88,126,0.93,8.6,8.2,288,48.9% L / 51.1% R,0,0,0,31:19:00,0:00,0,0:00,No,01:18.9,4,0
Running,6/5/20 10:28,FALSE,Lincoln County - W11D4-Easy Run,4.27,481,0:45:06,178,190,5,165,183,10:34,9:18,37,80,0.93,8.7,8.3,280,50.4% L / 49.6% R,0,0,0,45:06:00,0:00,0,0:00,No,00:06.1,6,0
Running,6/4/20 9:43,FALSE,Lincoln County - W11D3-Intervals,4.21,473,0:45:10,176,191,5,161,172,10:45,9:08,67,74,0.93,9.4,8.9,291,50.0% L / 50.0% R,0,0,0,45:10:00,0:00,0,0:00,No,00:01.1,12,0
Running,6/1/20 8:07,FALSE,Lincoln County - W10D7-Half Marathon,13.1,"1,377",2:40:43,149,176,4,154,200,12:16,10:16,368,365,0.85,10.1,8.7,307,49.9% L / 50.1% R,0,0,0,2:40:43,0:00,0,0:00,No,00:01.3,16,0
Running,5/31/20 9:22,FALSE,Lincoln County - W10D6-Easy Run,2,182,0:21:47,159,178,3.1,164,173,10:53,9:27,54,97,0.89,9.8,8.8,286,49.1% L / 50.9% R,0,0,0,21:47,0:00,0,0:00,No,01:46.9,3,0
Running,5/29/20 8:21,FALSE,Linn County - W10D4-Threshold Run,3,267,0:33:44,156,182,3.1,160,182,11:14,9:09,3,3,0.89,9.8,8.8,290,50.1% L / 49.9% R,0,0,0,33:44:00,0:00,0,0:00,No,00:19.1,5,0
Running,5/28/20 8:28,FALSE,Linn County - W10D3-Easy Run,2.5,270,0:31:08,150,168,2.8,154,183,12:27,10:39,--,1,0.84,10.7,9.1,324,49.0% L / 51.0% R,0,0,0,31:08:00,0:00,0,0:00,No,01:08.3,4,0
Running,5/27/20 7:37,FALSE,Linn County - W10D2-Intervals,3.3,351,0:39:21,156,182,3.5,159,217,11:55,9:33,17,17,0.85,0,0,--,--,0,0,0,39:21:00,0:00,0,0:00,No,00:06.8,15,0
Running,5/26/20 7:51,FALSE,Linn County - W09D7-Long Run,7.51,841,1:30:27,163,177,4.6,155,219,12:03,10:32,18,28,0.86,9.8,8.6,312,50.5% L / 49.5% R,0,0,0,1:30:27,0:00,0,0:00,No,00:26.5,9,0
Running,5/25/20 18:24,FALSE,Linn County - W09D6-Easy Run,4,429,0:49:09,161,176,3.3,154,170,12:17,10:51,16,16,0.85,9.5,8.2,310,48.4% L / 51.6% R,0,0,0,49:09:00,0:00,0,0:00,No,03:13.5,5,0
Running,5/22/20 9:01,FALSE,Linn County - W09D4a-Recovery Run,4,442,0:48:25,162,179,3.6,157,176,12:07,9:49,4,4,0.85,10.3,8.9,303,51.2% L / 48.8% R,0,0,0,48:25:00,0:00,0,0:00,No,03:33.5,5,0
Running,5/20/20 8:36,FALSE,Linn County - W09D2-Easy Run,4,443,0:51:09,153,171,3.1,154,168,12:48,10:29,14,14,0.82,10.9,9,326,50.0% L / 50.0% R,0,0,0,51:09:00,0:00,0,0:00,No,06:08.7,5,0
Running,5/18/20 12:28,FALSE,Lincoln County - W08D7-Long Run,15,"1,659",2:47:04,170,185,5,159,178,11:08,9:27,406,407,0.91,9.3,8.6,298,50.2% L / 49.8% R,0,0,0,2:47:04,0:00,0,0:00,No,02:04.0,16,0
Running,5/17/20 7:13,FALSE,Lincoln County - W08D4-Recovery Run,3,312,0:33:58,153,171,3.4,162,166,11:19,10:01,101,102,0.88,9.9,8.9,290,50.9% L / 49.1% R,0,0,0,33:58:00,0:00,0,0:00,No,03:57.7,4,0
Running,5/16/20 8:59,FALSE,Lincoln County - W08D5-Intervals,6,682,1:07:30,173,185,5,159,172,11:15,9:20,120,141,0.9,10.4,9.5,298,49.9% L / 50.1% R,0,0,0,1:07:30,0:00,0,0:00,No,01:30.0,15,0
Running,5/13/20 8:44,FALSE,Linn County - W08D2-Intervals,4.1,422,0:45:36,163,179,3.9,163,174,11:07,9:16,13,13,0.89,9.3,8.4,293,51.4% L / 48.6% R,0,0,0,45:36:00,0:00,0,0:00,No,00:27.1,9,0
Running,5/12/20 8:38,FALSE,Linn County - W08D1a-Recovery Run,3,312,0:32:24,161,174,3.6,162,194,10:48,9:39,--,3,0.93,9.3,8.9,292,48.6% L / 51.4% R,0,0,0,32:24:00,0:00,0,0:00,No,02:24.1,4,0
Running,5/11/20 6:18,FALSE,Linn County - W07D7-Long Run,13.1,"1,382",2:38:08,156,171,3.8,151,173,12:04,10:07,71,71,0.88,10.2,9.2,319,49.7% L / 50.3% R,0,0,0,2:38:08,0:00,0,0:00,No,05:41.8,14,0
Running,5/9/20 8:20,FALSE,Linn County - W07D5-Intervals,4,458,0:44:58,175,188,4.5,153,162,11:15,9:13,17,17,0.94,9.7,9.2,312,50.3% L / 49.7% R,0,0,0,44:58:00,0:00,0,0:00,No,01:30.0,10,0
Running,5/8/20 7:34,FALSE,Linn County - W07D4-Easy Run,4,462,0:49:03,160,180,3.8,149,156,12:16,11:16,18,18,0.88,0,0,--,--,0,0,0,49:03:00,0:00,0,0:00,No,02:59.4,5,0
Running,5/7/20 8:13,FALSE,Linn County - W07D3-Intervals,6,674,1:07:23,168,193,5,153,166,11:14,9:18,22,22,0.93,0,0,--,--,0,0,0,1:07:23,0:00,0,0:00,No,01:30.0,15,0
Running,5/6/20 7:59,FALSE,Linn County - W07D2a-Recovery Run,3,333,0:35:37,155,175,3.4,151,159,11:53,10:43,574,554,0.9,0,0,--,--,0,0,0,35:37:00,0:00,0,0:00,No,05:37.2,4,0
Running,5/4/20 8:28,FALSE,Lincoln County - W06D7-Long Run,13,"1,418",2:37:17,162,177,4.3,148,191,12:06,10:36,361,375,0.9,11,10.1,328,49.7% L / 50.3% R,0,0,0,2:37:17,0:00,0,0:00,No,06:38.0,14,0
Running,5/3/20 8:42,FALSE,Lincoln County - W06D6-Intervals,4.1,440,0:44:37,168,185,4.4,154,164,10:53,9:27,40,75,0.96,10.2,10,310,49.5% L / 50.5% R,0,0,0,44:37:00,0:00,0,0:00,No,00:06.7,9,0
Running,5/1/20 8:56,FALSE,Linn County - W06D4-Intervals,4,417,0:44:18,167,190,4.1,152,188,11:04,8:36,14,14,0.96,10.8,10.5,304,49.0% L / 51.0% R,0,0,0,44:18:00,0:00,0,0:00,No,01:30.0,13,0
Running,4/30/20 7:24,FALSE,Linn County - W06D3a-Recovery Run,3,331,0:37:45,155,170,3.3,148,162,12:34,10:32,7,7,0.87,11.2,9.8,316,50.3% L / 49.7% R,0,0,0,37:45:00,0:00,0,0:00,No,05:01.2,4,0
Running,4/29/20 7:23,FALSE,Lincoln County - W06D2-Intervals,4.2,462,0:48:37,169,187,4.3,151,161,11:35,9:24,69,82,0.92,10.8,10.1,309,49.4% L / 50.6% R,0,0,0,48:37:00,0:00,0,0:00,No,02:00.0,8,0
Running,4/27/20 8:31,FALSE,Lincoln County - W05D7-Long Run,8,910,1:38:27,165,181,4.6,149,164,12:19,9:51,201,202,0.88,11.1,9.9,310,48.5% L / 51.5% R,0,0,0,1:38:27,0:00,0,0:00,No,05:39.9,9,0
Running,4/26/20 8:52,FALSE,Linn County - W05D6-Intervals,4.6,490,0:50:44,170,186,4.5,154,173,11:01,9:16,19,24,0.95,10.3,9.9,310,48.8% L / 51.2% R,0,0,0,50:44:00,0:00,0,0:00,No,01:00.0,14,0
Running,4/23/20 7:30,FALSE,Linn County - W05D2-Intervals,4.3,476,0:48:35,172,187,4.6,154,173,11:18,9:22,5,5,0.92,10.1,9.3,301,49.3% L / 50.7% R,0,0,0,48:35:00,0:00,0,0:00,No,01:04.7,12,0
Running,4/22/20 9:08,FALSE,Linn County - W05D3a-Recovery Run,3,339,0:36:41,160,176,3.6,150,256,12:13,11:03,3,3,0.88,10.8,9.7,333,49.5% L / 50.5% R,0,0,0,36:41:00,0:00,0,0:00,No,05:09.2,4,0
Running,4/20/20 6:59,FALSE,Linn County - W04D7-Long Run,11,"1,203",2:20:13,162,173,3.9,149,171,12:45,10:36,63,70,0.85,10.8,9.2,332,50.0% L / 50.0% R,0,0,0,2:20:13,0:00,0,0:00,No,05:13.1,12,0
Running,4/19/20 9:23,FALSE,Linn County - W04D6-Intervals,4.2,469,0:47:23,170,190,4.6,153,219,11:17,9:15,15,15,0.94,9.8,9.4,313,49.5% L / 50.5% R,0,0,0,47:23:00,0:00,0,0:00,No,01:22.6,8,0
Running,4/17/20 6:09,FALSE,Linn County - W04D4-Fartlek Run,4.01,439,0:46:14,164,177,4,152,163,11:32,10:07,17,17,0.92,0,0,--,--,0,0,0,46:14:00,0:00,0,0:00,No,01:14.5,5,0
Running,4/16/20 7:55,FALSE,Linn County - W04D3a-Recovery Run,3.01,324,0:38:10,155,169,3.2,148,240,12:42,10:41,--,3,0.87,10.7,9.4,339,49.2% L / 50.8% R,0,0,0,38:10:00,0:00,0,0:00,No,04:44.1,4,0
Running,4/15/20 11:14,FALSE,Linn County - W04D2-Intervals,4.01,453,0:45:27,173,190,4.7,151,161,11:21,9:15,8,8,0.95,10.3,9.9,313,50.1% L / 49.9% R,0,0,0,45:27:00,0:00,0,0:00,No,00:27.4,9,0
Running,4/13/20 8:00,FALSE,Lincoln County - W03D7-Long Run,8.5,933,1:49:58,165,178,3.8,144,158,12:57,10:12,301,302,0.86,11.1,9.7,342,50.1% L / 49.9% R,0,0,0,1:49:58,0:00,0,0:00,No,03:38.8,10,0
Running,4/11/20 8:26,FALSE,Linn County - W03D6-Intervals,3.1,337,0:36:13,165,184,3.8,151,162,11:42,9:33,3,3,0.91,10.8,9.9,303,50.8% L / 49.2% R,0,0,0,36:13:00,0:00,0,0:00,No,02:00.0,6,0
Running,4/10/20 9:45,FALSE,Linn County - W03D4-Recovery Run,4.01,450,0:45:20,171,185,4.5,151,165,11:19,9:57,6,6,0.95,10.2,9.9,317,49.5% L / 50.5% R,0,0,0,45:20:00,0:00,0,0:00,No,00:19.7,5,0
Running,4/8/20 9:37,FALSE,Linn County - W03D2-Intervals,4.01,441,0:46:11,170,188,4.3,152,226,11:31,8:39,19,19,0.92,10.1,9.4,318,48.7% L / 51.3% R,0,0,0,46:11:00,0:00,0,0:00,No,01:30.0,12,0
Running,4/6/20 8:04,FALSE,Linn County Running,7.5,825,1:37:58,152,169,4.2,145,175,13:04,11:22,"1,138","1,175",0.85,11.2,9.7,343,49.5% L / 50.5% R,0,0,0,1:37:58,0:00,0,0:00,No,00:15.8,9,0
Running,4/5/20 9:33,FALSE,Linn County - W02D6-Intervals,4,434,0:45:55,171,189,4.4,150,238,11:29,9:02,5,5,0.93,10.8,10.1,311,48.1% L / 51.9% R,0,0,0,45:55:00,0:00,0,0:00,No,02:00.0,10,0
Running,4/3/20 8:01,FALSE,Linn County - W02D4b-Recovery Run,3,332,0:39:35,157,168,3.2,145,157,13:12,11:22,5,5,0.85,11.5,9.9,345,49.9% L / 50.1% R,0,0,0,39:35:00,0:00,0,0:00,No,03:30.7,4,0
Running,4/2/20 8:33,FALSE,Linn County - W02D3-Intervals,3.3,368,0:40:23,172,190,4,147,162,12:15,9:31,16,16,0.89,10.6,9.6,340,50.2% L / 49.8% R,0,0,0,40:23:00,0:00,0,0:00,No,00:01.3,12,0
Running,4/1/20 8:48,FALSE,Linn County - W02D2-Recovery Run,4,447,0:50:35,160,178,4,147,205,12:39,10:39,19,19,0.87,11.3,10,331,50.1% L / 49.9% R,0,0,0,50:35:00,0:00,0,0:00,No,05:35.3,5,0
Running,3/30/20 8:18,FALSE,Linn County - W01D7-Long Run,6.01,667,1:16:57,160,179,4.5,146,170,12:48,10:25,19,19,0.87,10.9,9.5,336,50.8% L / 49.2% R,0,0,0,1:16:57,0:00,0,0:00,No,01:57.3,7,0
Running,3/29/20 10:26,FALSE,Linn County - W01D6-Fartlek Run,4.01,452,0:54:02,160,174,3.6,144,256,13:29,11:06,20,20,0.83,11.8,9.9,349,50.1% L / 49.9% R,0,0,0,54:02:00,0:00,0,0:00,No,04:59.5,5,0
Running,3/26/20 10:42,FALSE,Linn County - W01D3-Intervals,3,318,0:36:25,166,188,4,148,207,12:08,8:52,4,4,0.9,10.7,9.7,331,49.8% L / 50.2% R,0,0,0,36:25:00,0:00,0,0:00,No,01:30.0,10,0
Running,3/25/20 10:41,FALSE,Linn County - W01D2-Easy Run,3.37,392,0:44:18,164,188,4.2,143,226,13:09,11:19,21,23,0.85,0,0,--,--,0,0,0,44:18:00,0:00,0,0:00,No,02:07.6,5,0
Running,3/24/20 17:30,FALSE,Linn County Running,3.01,325,0:36:54,156,178,4,146,177,12:17,6:52,--,3,0.9,11,10,333,49.7% L / 50.3% R,0,0,0,36:54:00,0:00,0,0:00,No,00:04.1,4,0
Running,3/22/20 15:22,FALSE,Linn County Running,4.01,437,0:53:39,157,172,3.7,143,167,13:23,11:22,3,6,0.84,11.1,9.4,341,49.1% L / 50.9% R,0,0,0,53:39:00,0:00,0,0:00,No,00:03.5,5,0
Running,3/19/20 12:30,FALSE,Linn County Running,3.01,333,0:37:20,166,186,4.3,145,160,12:25,10:01,--,2,0.9,10.9,10,347,49.6% L / 50.4% R,0,0,0,37:20:00,0:00,0,0:00,No,00:05.6,4,0
Running,3/17/20 9:28,FALSE,Linn County Running,4,433,0:50:41,157,171,4.5,146,160,12:39,10:51,19,19,0.88,11.5,10.2,331,50.0% L / 50.0% R,0,0,0,50:41:00,0:00,0,0:00,No,00:04.2,5,0
Running,3/15/20 13:00,FALSE,Linn County Running,3,330,0:40:38,153,168,4.3,142,158,13:32,11:44,2,4,0.84,12.8,10.9,347,49.5% L / 50.5% R,0,0,0,40:38:00,0:00,0,0:00,No,00:03.5,4,0
Running,3/13/20 10:46,FALSE,Linn County Running,4.01,441,0:49:50,168,190,5,145,185,12:26,9:43,18,18,0.9,11.3,10.2,333,49.6% L / 50.4% R,0,0,0,49:50:00,0:00,0,0:00,No,00:02.1,6,0
Running,2/22/20 15:12,FALSE,Linn County Running,4.01,443,0:54:33,163,187,5,142,162,13:35,10:01,15,15,0.84,11.8,10,350,50.0% L / 50.0% R,0,0,0,54:33:00,0:00,0,0:00,No,00:12.6,5,0
Running,2/17/20 17:02,FALSE,Linn County Running,4,445,0:54:20,163,181,4.9,142,169,13:35,9:25,8,8,0.85,11.7,10,352,49.8% L / 50.2% R,0,0,0,54:20:00,0:00,0,0:00,No,00:00.9,5,0
Running,2/14/20 11:10,FALSE,Linn County Running,4,445,0:52:25,164,186,5,145,162,13:05,7:01,14,14,0.85,11.4,9.8,341,49.5% L / 50.5% R,0,0,0,52:25:00,0:00,0,0:00,No,00:02.3,5,0
Running,2/6/20 14:11,FALSE,Linn County Running,1.01,110,0:14:36,138,157,2.5,143,171,14:27,13:04,--,--,0.78,12.4,9.7,353,49.6% L / 50.4% R,0,0,0,14:36,0:00,0,0:00,No,00:09.5,2,0
Running,1/26/20 15:10,FALSE,Linn County - W01D4-Easy Run,2.39,263,0:34:31,151,174,3.6,138,161,14:26,11:01,--,3,0.81,11.9,9.8,348,49.2% L / 50.8% R,0,0,0,34:31:00,0:00,0,0:00,No,02:34.9,4,0
Running,1/21/20 7:57,FALSE,Linn County - W01D2-Easy Run,2.07,228,0:30:07,160,169,3.2,143,154,14:35,11:47,2,--,0.77,12.6,9.9,344,50.0% L / 50.0% R,0,0,0,30:07:00,0:00,0,0:00,No,00:07.0,4,0
Running,1/12/20 14:03,FALSE,Linn County - W02D2a-Easy Run,2.44,274,0:33:34,161,172,4,141,167,13:44,10:07,--,--,0.84,11.9,10.1,344,50.0% L / 50.0% R,0,0,0,33:34:00,0:00,0,0:00,No,03:28.3,4,0
Running,1/10/20 9:00,FALSE,Linn County - W01D7-Long Run,2.34,260,0:35:32,150,170,3.8,137,154,15:10,12:17,3,3,0.78,11.6,9.1,386,50.3% L / 49.7% R,0,0,0,35:32:00,0:00,0,0:00,No,05:32.0,4,0
Running,1/6/20 9:43,FALSE,Linn County - W01D4-Easy Run,2.45,278,0:33:42,169,185,5,142,160,13:45,11:06,3,3,0.82,11.9,9.9,333,49.8% L / 50.2% R,0,0,0,33:42:00,0:00,0,0:00,No,03:33.5,4,0
Running,1/4/20 11:23,FALSE,Linn County - W01D2-Easy Run,2.54,279,0:34:57,158,173,4.7,140,212,13:44,11:06,4,4,0.84,12.5,10.6,336,49.8% L / 50.2% R,0,0,0,34:57:00,0:00,0,0:00,No,03:29.3,4,0
Running,12/26/19 13:54,FALSE,Linn County Running,4,442,0:51:08,165,183,5,146,238,12:47,10:48,24,23,0.86,0,0,--,--,0,0,0,51:08:00,0:00,0,0:00,No,12:23.8,4,0
Running,11/11/19 13:31,FALSE,Linn County Running,4.01,311,0:50:25,174,187,1,144,248,12:33,10:07,6,6,0.88,11,9.8,326,50.8% L / 49.2% R,0,0,0,50:25:00,0:00,0,0:00,No,00:10.9,5,0
Running,11/6/19 10:02,FALSE,Linn County Running,4,427,0:50:10,160,184,5,145,160,12:32,10:34,13,13,0.89,10.9,9.8,322,49.0% L / 51.0% R,0,0,0,50:10:00,0:00,0,0:00,No,00:02.9,5,0
Running,10/20/19 7:18,FALSE,Pima County Running,3.01,363,0:42:55,175,185,5,145,189,14:16,7:28,246,246,0.79,11.8,9.3,336,50.0% L / 50.0% R,0,0,0,42:55:00,0:00,0,0:00,No,00:06.9,4,0
Running,10/14/19 16:50,FALSE,Linn County Running,4,282,0:52:16,172,182,1,144,163,13:04,11:47,19,19,0.87,11,9.7,334,50.1% L / 49.9% R,0,0,0,52:16:00,0:00,0,0:00,No,12:59.7,4,0
Running,9/3/19 19:18,FALSE,Linn County Running,4,436,0:50:42,168,183,5,146,245,12:40,7:13,18,18,0.87,11.1,9.8,324,50.8% L / 49.2% R,0,0,0,50:42:00,0:00,0,0:00,No,00:00.7,5,0
Running,8/6/19 8:50,FALSE,Linn County Running,4.01,421,0:47:59,159,183,5,147,173,11:59,9:55,5,5,0.91,11.5,10.6,322,50.1% L / 49.9% R,0,0,0,47:59:00,0:00,0,0:00,No,00:03.7,5,0
Running,8/4/19 14:39,FALSE,Multnomah County Running,1,98,0:11:11,171,180,3.4,149,208,11:11,9:04,14,15,0.97,9.9,9.7,311,51.1% L / 48.9% R,0,0,0,11:11,0:00,0,0:00,No,00:00.0,1,0
Running,8/2/19 17:26,FALSE,Wood Village Running,3.01,326,0:36:18,170,185,5,146,169,12:04,8:56,56,50,0.91,0,0,--,--,0,0,0,36:18:00,0:00,0,0:00,No,00:04.8,4,0
Running,7/30/19 15:04,FALSE,Linn County Running,2,225,0:26:41,168,187,3.5,142,160,13:20,11:35,--,3,0.86,11.9,10.4,324,50.2% L / 49.8% R,0,0,0,26:41:00,0:00,0,0:00,No,13:15.8,2,0
Running,7/15/19 11:16,FALSE,Linn County Running,4.01,443,0:50:53,166,184,5,145,165,12:42,9:08,23,23,0.87,12.1,10.7,333,49.0% L / 51.0% R,0,0,0,50:53:00,0:00,0,0:00,No,00:04.3,5,0
Running,6/30/19 20:31,FALSE,Linn County Running,4,449,0:53:16,163,177,4.6,143,208,13:18,11:53,24,24,0.85,11.2,9.7,347,48.5% L / 51.5% R,0,0,0,53:16:00,0:00,0,0:00,No,00:02.7,5,0
Running,6/27/19 15:37,FALSE,Linn County Running,4,427,0:50:34,164,177,4.8,144,159,12:38,10:48,24,20,0.89,11,9.9,330,49.0% L / 51.0% R,0,0,0,50:34:00,0:00,0,0:00,No,00:03.1,5,0
Running,6/25/19 15:10,FALSE,Linn County Running,4.01,444,0:51:16,171,182,5,144,233,12:48,10:20,7,7,0.88,11,9.8,346,48.3% L / 51.7% R,0,0,0,51:16:00,0:00,0,0:00,No,00:05.1,5,0
Running,6/22/19 21:45,FALSE,Linn County Running,4.01,424,0:51:25,155,176,4.8,159,159,12:50,11:03,18,18,0,0,0,--,--,0,0,0,51:25:00,0:00,0,0:00,No,00:02.5,6,0
Running,6/9/19 21:13,FALSE,Linn County Running,3.3,367,0:42:28,171,184,5,144,220,12:51,8:17,15,15,0.88,10.4,9.3,334,49.3% L / 50.7% R,0,0,0,42:28:00,0:00,0,0:00,No,07:28.4,4,0
Running,5/29/19 17:30,FALSE,Linn County Running,4,424,0:49:55,167,181,5,144,168,12:29,10:41,9,9,0.9,10.8,9.8,342,48.3% L / 51.7% R,0,0,0,49:55:00,0:00,0,0:00,No,02:17.5,5,0
Running,5/26/19 10:44,FALSE,Linn County Running,4,399,0:49:20,172,183,1.1,146,161,12:20,10:46,12,12,0.9,10.1,9.3,325,47.2% L / 52.8% R,0,0,0,49:20:00,0:00,0,0:00,No,01:45.6,5,0
Running,5/22/19 20:44,FALSE,Linn County Running,4,457,0:51:54,178,188,5,144,170,12:58,10:01,14,14,0.86,10.8,9.4,325,52.3% L / 47.7% R,0,0,0,51:54:00,0:00,0,0:00,No,12:25.8,4,0
Running,5/15/19 9:46,FALSE,Linn County Running,4,466,0:52:50,173,187,5,143,155,13:12,11:09,27,27,0.86,11.7,10.2,302,50.7% L / 49.3% R,0,0,0,52:50:00,0:00,0,0:00,No,00:03.1,5,0
Running,5/8/19 8:42,FALSE,Linn County Running,4,432,0:51:08,166,180,4.9,145,216,12:48,9:31,10,10,0.87,11.6,10.3,309,51.2% L / 48.8% R,0,0,0,51:08:00,0:00,0,0:00,No,12:15.7,4,0
Running,4/17/19 16:19,FALSE,Linn County Running,5.01,561,1:01:04,171,185,5,147,186,12:12,8:57,15,24,0.91,10.9,10,305,50.7% L / 49.3% R,0,0,0,1:01:04,0:00,0,0:00,No,00:01.5,7,0
Running,4/10/19 19:22,FALSE,Linn County Running,4,449,0:51:31,158,182,4.2,143,168,12:53,11:25,19,19,0.87,0,0,--,--,0,0,0,51:31:00,0:00,0,0:00,No,12:28.6,4,0
Running,4/7/19 18:40,FALSE,Linn County Running,3.1,342,0:40:28,160,177,3.5,143,256,13:02,11:33,24,24,0.86,10.8,9.3,309,49.7% L / 50.3% R,0,0,0,40:28:00,0:00,0,0:00,No,01:15.9,4,0
Running,3/20/19 19:06,FALSE,Linn County - W06D4-Fartlek,3.3,370,0:40:57,162,176,4,145,167,12:25,10:05,19,23,0.89,10.4,9.5,337,49.5% L / 50.5% R,0,0,0,40:57:00,0:00,0,0:00,No,00:57.2,5,0
Running,3/17/19 18:22,FALSE,Linn County - W05D7-Long Run,4.31,486,0:55:50,164,179,3.9,143,163,12:57,10:48,7,7,0.87,11.2,9.9,313,50.4% L / 49.6% R,0,0,0,55:50:00,0:00,0,0:00,No,05:00.0,6,0
Running,3/13/19 15:52,FALSE,Linn County - W04D7-Long Run,8.2,936,1:45:21,163,181,4.5,144,161,12:51,11:19,35,35,0.87,0,0,--,--,0,0,0,1:45:21,0:00,0,0:00,No,00:20.9,13,0
Running,3/12/19 20:17,FALSE,Linn County - W04D3-Easy Run,2.6,282,0:33:47,156,167,3.1,144,158,13:00,10:29,1,3,0.86,11.4,10,320,51.4% L / 48.6% R,0,0,0,33:47:00,0:00,0,0:00,No,03:47.4,4,0
Running,3/10/19 19:40,FALSE,Linn County - W05D4-Threshold Run,3,302,0:34:39,164,187,3.6,153,166,11:34,9:13,3,3,0.91,10.1,9.2,305,51.0% L / 49.0% R,0,0,0,34:39:00,0:00,0,0:00,No,01:30.0,10,0
Running,3/9/19 16:47,FALSE,Linn County - W05D2-Fartlek,3.33,153,0:41:24,159,179,1,147,175,12:25,10:51,14,14,0.89,10.4,9.4,324,50.6% L / 49.4% R,0,0,0,41:24:00,0:00,0,0:00,No,01:23.9,5,0
Running,3/6/19 19:18,FALSE,Linn County - W04D4-Threshold Run,3,332,0:36:27,165,185,4,148,162,12:09,10:23,3,3,0.9,11,10.1,306,50.6% L / 49.4% R,0,0,0,36:27:00,0:00,0,0:00,No,01:30.0,10,0
Running,3/5/19 17:11,FALSE,Linn County - W03D7-Long Run,6.01,651,1:20:39,151,167,3.5,144,168,13:25,10:12,22,22,0.83,11.3,9.5,331,50.7% L / 49.3% R,0,0,0,1:20:39,0:00,0,0:00,No,00:38.9,8,0
Running,2/28/19 16:58,FALSE,Linn County - W02D2-Easy Run,3,304,0:38:22,154,174,3.1,145,164,12:46,9:08,3,3,0.87,10.8,9.6,329,48.2% L / 51.8% R,0,0,0,38:22:00,0:00,0,0:00,No,04:35.8,4,0
Running,2/26/19 18:07,FALSE,Linn County Running,3,326,0:40:17,162,176,3.2,144,226,13:25,10:34,4,4,0.85,11.1,9.4,319,50.6% L / 49.4% R,0,0,0,40:17:00,0:00,0,0:00,No,03:16.1,4,0
Running,2/24/19 15:08,FALSE,Linn County Running,7.01,787,1:39:55,157,170,3.2,141,256,14:15,12:33,36,36,0.81,11.8,9.7,340,51.3% L / 48.7% R,0,0,0,1:39:55,0:00,0,0:00,No,05:46.6,10,0
Running,2/19/19 17:09,FALSE,Linn County Running,2.2,236,0:25:15,173,189,3.5,149,167,11:27,9:22,--,7,0.95,10.5,10,318,50.2% L / 49.8% R,0,0,0,25:15:00,0:00,0,0:00,No,00:20.0,10,0
Running,2/17/19 14:47,FALSE,Linn County Running,7.3,758,1:30:22,164,179,3.8,145,226,12:23,10:01,29,29,0.9,11.4,10.4,307,49.9% L / 50.1% R,0,0,0,1:30:22,0:00,0,0:00,No,07:11.9,10,0
Running,2/13/19 17:57,FALSE,Linn County Running,3.11,355,0:38:41,164,178,3.7,145,183,12:26,8:43,2,7,0.89,11.6,10.5,319,50.8% L / 49.2% R,0,0,0,38:41:00,0:00,0,0:00,No,05:01.8,4,0
Running,2/9/19 17:51,FALSE,Linn County Running,3,324,0:37:13,160,170,3.2,145,167,12:23,10:07,5,5,0.9,11.6,10.6,320,50.7% L / 49.3% R,0,0,0,37:13:00,0:00,0,0:00,No,05:24.9,4,0
Running,2/2/19 8:33,FALSE,Linn County Running,13.15,"1,388",2:26:01,175,186,5,150,178,11:06,8:49,232,240,0.96,10.7,10.4,306,50.1% L / 49.9% R,0,0,0,2:26:01,0:00,0,0:00,No,01:13.7,16,0
Running,1/29/19 18:11,FALSE,Linn County Running,3.01,339,0:36:51,168,178,3.6,146,177,12:16,8:56,6,6,0.91,11,10.1,322,51.3% L / 48.7% R,0,0,0,36:51:00,0:00,0,0:00,No,00:00.0,4,0
Running,1/27/19 19:23,FALSE,Linn County Running,5.5,570,1:01:35,171,184,4.9,151,168,11:12,9:11,14,14,0.96,10.5,10.3,307,50.1% L / 49.9% R,0,0,0,1:01:35,0:00,0,0:00,No,00:00.0,7,0
Running,1/22/19 21:47,FALSE,Linn County Running,4,474,0:49:29,173,180,3.9,148,170,12:22,9:18,5,5,0.89,10.9,9.8,340,49.5% L / 50.5% R,0,0,0,49:29:00,0:00,0,0:00,No,00:00.0,5,0
Running,1/19/19 15:39,FALSE,Benton County Running,8.5,905,1:46:54,161,184,3.8,148,171,12:34,9:24,628,627,0.87,10.4,9.1,314,48.9% L / 51.1% R,0,0,0,1:46:54,0:00,0,0:00,No,00:00.0,10,0
Running,1/17/19 19:02,FALSE,Linn County Running,3.29,351,0:36:48,170,186,3.9,152,187,11:11,8:43,3,3,0.95,10.3,9.8,313,48.9% L / 51.1% R,0,0,0,36:48:00,0:00,0,0:00,No,00:00.0,8,0
Running,1/15/19 16:20,FALSE,Linn County Running,4.13,446,0:51:07,159,178,3.6,146,167,12:23,8:39,9,9,0.89,11,9.9,329,51.9% L / 48.1% R,0,0,0,51:07:00,0:00,0,0:00,No,00:00.0,5,0
Running,1/13/19 16:31,FALSE,Linn County Running,6.23,685,1:14:29,167,178,4.1,148,188,11:58,10:14,13,18,0.91,10.9,10,313,50.4% L / 49.6% R,0,--,0,1:14:29,0:00,0,0:00,No,00:00.0,8,0
Running,1/11/19 16:28,FALSE,Linn County Running,2,209,0:25:07,146,162,2.8,147,168,12:32,10:03,--,6,0.87,10.9,9.5,325,50.7% L / 49.3% R,0,0,0,25:07:00,0:00,0,0:00,No,00:00.0,3,0
Running,1/10/19 19:00,FALSE,Linn County Running,3,328,0:35:39,170,181,3.6,150,164,11:53,8:54,--,--,0.91,10.3,9.5,328,50.2% L / 49.8% R,0,0,0,35:39:00,0:00,0,0:00,No,00:00.0,4,0
Running,1/8/19 16:28,FALSE,Linn County Running,4,452,0:48:02,172,184,3.9,148,176,12:01,9:15,16,16,0.91,10.8,9.9,320,49.6% L / 50.4% R,0,0,0,48:02:00,0:00,0,0:00,No,00:00.0,8,0
Running,1/5/19 9:00,FALSE,Newport Running,13.28,"1,444",2:57:55,141,188,4,146,256,13:23,9:02,"1,088","1,096",0.83,12.9,10.5,289,50.8% L / 49.2% R,0,0,0,2:57:55,0:00,0,0:00,No,00:00.0,15,0
Running,1/4/19 12:37,FALSE,Linn County Running,2,222,0:24:48,156,176,3,146,163,12:24,10:46,7,7,0.89,0,0,--,--,0,0,0,24:48:00,0:00,0,0:00,No,00:00.0,3,0
Running,1/2/19 19:41,FALSE,Linn County Running,3,332,0:36:58,159,175,3.4,148,163,12:20,11:09,--,3,0.88,0,0,--,--,0,0,0,36:58:00,0:00,0,0:00,No,00:00.0,4,0
Running,1/1/19 19:24,FALSE,Linn County Running,2,169,0:21:44,156,168,1,153,173,10:53,8:54,--,--,0.99,11.9,11.9,275,51.8% L / 48.2% R,0,0,0,21:44,0:00,0,0:00,No,00:00.0,2,0
Running,12/31/18 16:01,FALSE,Linn County Running,4,447,0:50:08,161,179,3.6,146,163,12:32,10:41,5,5,0.88,0,0,--,--,0,0,0,50:08:00,0:00,0,0:00,No,00:00.0,5,0
Running,12/29/18 13:03,FALSE,Linn County Running,6,679,1:16:50,158,177,3.9,144,157,12:48,10:32,17,17,0.87,0,0,--,--,0,0,0,1:16:50,0:00,0,0:00,No,00:00.0,7,0
Running,12/26/18 15:29,FALSE,Linn County Running,4.2,472,0:49:50,166,189,4.1,148,163,11:52,9:31,20,20,0.92,0,0,--,--,0,0,0,49:50:00,0:00,0,0:00,No,00:00.0,11,0
Running,12/24/18 11:57,FALSE,Linn County Running,4.36,481,0:50:36,164,190,4.2,149,172,11:37,7:45,15,15,0.93,0,0,--,--,0,0,0,50:36:00,0:00,0,0:00,No,00:00.0,5,0
Running,12/21/18 15:36,FALSE,Linn County Running,8.11,935,1:45:17,164,177,3.8,144,166,12:59,9:59,23,23,0.86,0,0,--,--,0,0,0,1:45:17,0:00,0,0:00,No,00:00.0,12,0
Running,12/19/18 15:19,FALSE,Linn County Running,6,655,1:07:27,165,185,4.6,149,159,11:14,9:18,17,17,0.96,0,0,--,--,0,0,0,1:07:27,0:00,0,0:00,No,00:00.0,11,0
Running,12/17/18 13:04,FALSE,Linn County Running,5,524,1:01:50,147,172,3.6,145,158,12:22,9:57,18,18,0.89,0,0,--,--,0,0,0,1:01:50,0:00,0,0:00,No,00:00.0,5,0
Running,12/14/18 11:46,FALSE,Lincoln County Running,5,530,1:02:40,153,185,3.9,143,163,12:32,10:14,257,260,0.89,0,0,--,--,0,0,0,1:02:40,0:00,0,0:00,No,00:00.0,6,0
Running,12/12/18 14:29,FALSE,Linn County Running,6,696,1:12:12,177,191,5,146,176,12:01,8:59,27,27,0.92,12.4,11.5,311,49.8% L / 50.3% R,0,0,0,1:12:12,0:00,0,0:00,No,00:00.0,7,0
Running,12/10/18 13:18,FALSE,Linn County Running,9,991,1:56:14,158,173,4.1,144,214,12:55,11:01,35,35,0.87,12.2,10.7,320,50.2% L / 49.8% R,0,0,0,1:56:14,0:00,0,0:00,No,00:00.0,9,0
Running,12/5/18 16:36,FALSE,Linn County Running,6,630,1:15:11,160,170,4,147,173,12:32,9:25,7,7,0.88,12.6,11.2,324,49.5% L / 50.5% R,0,0,0,1:15:11,0:00,0,0:00,No,00:00.0,6,0
Running,12/3/18 16:49,FALSE,Linn County Running,5,548,1:02:05,169,183,4.5,147,170,12:25,11:09,9,9,0.89,12.9,11.6,287,50.0% L / 50.0% R,0,0,0,1:02:05,0:00,0,0:00,No,00:00.0,7,0
Running,12/1/18 16:20,FALSE,Linn County Running,6,647,1:15:43,165,184,4.3,146,198,12:37,9:47,17,16,0.88,12.4,11,309,50.0% L / 50.0% R,0,0,0,1:15:43,0:00,0,0:00,No,00:00.0,6,0
Running,11/27/18 16:31,FALSE,Linn County Running,5,570,1:03:07,168,181,4.4,146,186,12:37,10:53,24,24,0.88,12.7,11.3,325,50.2% L / 49.8% R,0,0,0,1:03:07,0:00,0,0:00,No,00:00.0,5,0
Running,11/25/18 16:25,FALSE,Linn County Running,6,659,1:14:44,161,173,4.6,148,179,12:27,10:16,20,20,0.87,12.3,10.8,323,50.1% L / 49.9% R,0,0,0,1:14:44,0:00,0,0:00,No,00:00.0,7,0
Running,11/20/18 15:28,FALSE,Linn County Running,5.1,558,1:04:39,162,178,4.1,147,184,12:41,6:27,19,19,0.86,12.8,11.1,326,50.9% L / 49.1% R,0,0,0,1:04:39,0:00,0,0:00,No,00:00.0,6,0
Running,11/18/18 16:32,FALSE,Linn County Running,6,666,1:15:36,166,174,4.7,147,169,12:36,10:53,13,16,0.87,12.1,10.7,304,49.9% L / 50.1% R,0,0,0,1:15:36,0:00,0,0:00,No,00:00.0,7,0
Running,11/16/18 15:49,FALSE,Linn County Running,6,665,1:15:53,165,176,4.3,147,173,12:39,8:10,19,19,0.87,12.5,11,324,50.1% L / 49.9% R,0,0,0,1:15:53,0:00,0,0:00,No,00:00.0,6,0
Running,11/13/18 9:58,FALSE,Linn County Running,8,922,1:41:56,170,182,5,148,186,12:45,11:22,40,40,0.86,12.5,10.8,321,50.5% L / 49.5% R,0,0,0,1:41:56,0:00,0,0:00,No,00:00.0,9,0
Running,11/11/18 11:58,FALSE,Linn County Running,2.87,311,0:35:17,161,176,3.5,149,178,12:19,10:14,3,3,0.88,12.1,10.9,315,50.1% L / 49.9% R,0,0,0,35:17:00,0:00,0,0:00,No,00:00.0,3,0
Running,11/9/18 15:56,FALSE,Linn County Running,5,561,1:01:54,167,176,4.5,148,159,12:23,9:37,19,19,0.88,12,10.7,323,50.1% L / 49.9% R,0,0,0,1:01:54,0:00,0,0:00,No,00:00.0,5,0
Running,11/7/18 9:43,FALSE,Linn County Running,4.3,474,0:53:24,164,185,3.9,149,165,12:26,8:44,15,15,0.88,11.9,10.7,322,50.3% L / 49.7% R,0,0,0,53:24:00,0:00,0,0:00,No,00:00.0,5,0
Running,11/4/18 15:55,FALSE,Linn County Running,5,587,1:04:47,171,184,3.7,147,240,12:57,11:03,20,20,0.85,12.6,10.9,327,50.1% L / 49.9% R,0,0,0,1:04:47,0:00,0,0:00,No,00:00.0,5,0
Running,10/27/18 17:16,FALSE,Linn County Running,4,423,0:49:49,149,169,3.5,149,189,12:27,9:59,22,22,0.87,12.2,10.7,316,50.3% L / 49.7% R,0,0,0,49:49:00,0:00,0,0:00,No,00:00.0,4,0
Running,10/24/18 17:36,FALSE,Linn County Running,6,650,1:11:44,162,182,5,151,166,11:57,10:09,17,20,0.89,11.8,10.7,312,51.1% L / 48.9% R,0,0,0,1:11:44,0:00,0,0:00,No,00:00.0,7,0
Running,10/22/18 16:51,FALSE,Linn County Running,7,760,1:30:48,155,172,4.4,148,171,12:59,9:35,27,27,0.84,12.3,10.5,321,50.9% L / 49.1% R,0,0,0,1:30:48,0:00,0,0:00,No,00:00.0,7,0
Running,10/19/18 18:31,FALSE,Linn County Running,4,496,0:53:35,181,187,4,144,158,13:24,11:25,19,19,0.83,13.3,11.2,336,50.6% L / 49.4% R,0,0,0,53:35:00,0:00,0,0:00,No,00:00.0,4,0
Running,10/16/18 17:33,FALSE,Linn County Running,5,563,1:04:12,163,177,3.7,148,163,12:50,9:53,19,28,0.86,12.1,10.5,325,49.4% L / 50.6% R,0,0,0,1:04:12,0:00,0,0:00,No,00:00.0,5,0
Running,10/14/18 10:51,FALSE,Linn County Running,7,759,1:27:17,166,182,1,148,160,12:29,10:16,42,42,0.87,12.3,10.8,300,51.0% L / 49.0% R,0,0,0,1:27:17,0:00,0,0:00,No,00:00.0,7,0
Running,10/11/18 18:31,FALSE,Linn County Running,3.32,374,0:39:40,167,180,3.8,150,164,11:57,9:35,14,14,0.9,11,10.1,310,49.8% L / 50.2% R,0,0,0,39:40:00,0:00,0,0:00,No,00:00.0,4,0
Running,10/10/18 17:21,FALSE,Linn County Running,5.02,559,1:01:45,161,175,4.1,148,178,12:18,10:14,19,19,0.89,12.6,11.3,317,50.5% L / 49.5% R,0,0,0,1:01:45,0:00,0,0:00,No,00:00.0,6,0
Running,10/8/18 17:13,FALSE,Linn County Running,6,625,1:16:56,159,172,3.6,148,213,12:49,10:39,16,18,0.86,12.1,10.4,326,50.0% L / 50.0% R,0,0,0,1:16:56,0:00,0,0:00,No,00:00.0,6,0
Running,10/4/18 16:30,FALSE,Linn County Running,3.2,356,0:37:56,165,182,4.1,152,165,11:51,10:07,6,10,0.89,11.9,10.6,313,50.2% L / 49.8% R,0,0,0,37:56:00,0:00,0,0:00,No,00:00.0,4,0
Running,10/2/18 16:35,FALSE,Linn County Running,4,441,0:47:30,164,182,4.5,152,172,11:53,10:20,13,13,0.89,11.8,10.6,305,49.9% L / 50.1% R,0,0,0,47:30:00,0:00,0,0:00,No,00:00.0,4,0
Running,9/30/18 14:41,FALSE,Linn County Running,5,547,1:03:30,162,177,4.3,149,173,12:42,8:09,19,19,0.85,11.8,10.2,291,51.8% L / 48.2% R,0,0,0,1:03:30,0:00,0,0:00,No,00:00.0,5,0
Running,9/28/18 11:06,FALSE,Linn County Running,4,451,0:50:48,164,181,4.2,149,219,12:41,8:49,18,18,0.85,11.9,10.3,325,49.5% L / 50.5% R,0,0,0,50:48:00,0:00,0,0:00,No,00:00.0,5,0
Running,9/26/18 7:50,FALSE,Linn County Running,3.1,332,0:40:19,155,174,3.6,149,165,13:00,10:56,18,18,0.84,12.3,10.4,306,51.3% L / 48.7% R,0,0,0,40:19:00,0:00,0,0:00,No,00:00.0,5,0
Running,9/23/18 19:23,FALSE,Linn County Running,4.04,441,0:50:12,160,177,5,149,163,12:25,9:29,19,19,0.87,11.6,10.2,318,50.3% L / 49.7% R,0,0,0,50:12:00,0:00,0,0:00,No,00:00.0,5,0
Running,9/19/18 8:02,FALSE,Linn County Running,4,445,0:52:00,163,174,5,147,164,13:00,10:39,10,10,0.84,12.8,11,324,50.2% L / 49.8% R,0,0,0,52:00:00,0:00,0,0:00,No,00:00.0,4,0
Running,9/15/18 9:19,FALSE,Linn County Running,1.65,162,0:28:04,132,182,3.3,133,176,16:59,8:11,--,--,0.82,10.1,8.6,304,48.5% L / 51.5% R,0,0,0,28:04:00,0:00,0,0:00,No,00:00.0,8,0
Running,9/6/18 19:24,FALSE,Linn County Running,4,432,0:49:43,162,181,5,151,171,12:26,10:29,16,18,0.86,11.8,10.2,305,50.6% L / 49.4% R,0,0,0,49:43:00,0:00,0,0:00,No,00:00.0,4,0
Running,9/4/18 19:47,FALSE,Linn County Running,4,461,0:50:56,167,178,5,150,165,12:44,10:12,24,17,0.86,11.1,9.6,316,51.2% L / 48.8% R,0,0,0,50:56:00,0:00,0,0:00,No,00:00.0,5,0
Running,8/8/18 19:53,FALSE,Linn County Running,4.01,453,0:50:52,168,178,1.2,149,197,12:41,11:09,20,22,0.85,10.9,9.5,303,50.4% L / 49.6% R,0,0,0,50:52:00,0:00,0,0:00,No,00:00.0,5,0
Running,8/1/18 20:05,FALSE,Linn County Running,4.01,444,0:50:07,163,175,5,149,162,12:30,9:51,5,5,0.87,11.4,10.1,323,50.0% L / 50.0% R,0,0,0,50:07:00,0:00,0,0:00,No,00:00.0,5,0
Running,7/9/18 20:44,FALSE,Linn County Running,4,432,0:48:46,162,178,4.1,150,211,12:11,10:27,16,16,0.88,12,10.7,310,50.3% L / 49.7% R,0,0,0,48:46:00,0:00,0,0:00,No,00:00.0,5,0
Running,7/7/18 20:46,FALSE,Linn County Running,4.01,449,0:47:03,174,191,4.8,151,169,11:44,9:57,14,14,0.91,11.2,10.3,313,50.1% L / 49.9% R,0,0,0,47:03:00,0:00,0,0:00,No,00:00.0,5,0
Running,7/2/18 10:28,FALSE,Linn County Running,4,442,0:48:47,165,178,4.3,151,174,12:12,8:54,16,16,0.88,11.8,10.5,307,50.0% L / 50.0% R,0,0,0,48:47:00,0:00,0,0:00,No,00:00.0,4,0
Running,6/30/18 8:36,FALSE,Linn County Running,4,450,0:49:24,168,181,4.4,152,169,12:20,10:27,19,19,0.86,12,10.5,307,50.5% L / 49.5% R,0,0,0,49:24:00,0:00,0,0:00,No,00:00.0,5,0
Running,6/28/18 17:02,FALSE,Linn County Running,4,454,0:49:03,170,183,4.5,151,167,12:16,9:55,9,9,0.88,11.7,10.4,306,49.4% L / 50.6% R,0,0,0,49:03:00,0:00,0,0:00,No,00:00.0,4,0
Running,6/25/18 19:30,FALSE,Linn County Running,4,445,0:47:54,171,182,4.3,151,171,11:58,10:03,17,17,0.89,11.6,10.4,313,49.4% L / 50.6% R,0,0,0,47:54:00,0:00,0,0:00,No,00:00.0,4,0
Running,6/21/18 21:04,FALSE,Linn County Running,4.01,427,0:46:53,161,179,4.2,153,167,11:42,9:18,18,18,0.9,0,0,--,--,0,0,0,46:53:00,0:00,0,0:00,No,00:00.0,5,0
Running,6/18/18 9:27,FALSE,Linn County Running,4,473,0:50:10,174,186,4.4,149,213,12:32,11:14,10,9,0.87,12.5,11,313,50.3% L / 49.7% R,0,0,0,50:10:00,0:00,0,0:00,No,00:00.0,5,0
Running,6/12/18 10:49,FALSE,Linn County Running,4,467,0:50:02,170,186,4.1,147,187,12:31,11:03,19,19,0.87,12.4,10.9,320,49.7% L / 50.3% R,0,0,0,50:02:00,0:00,0,0:00,No,00:00.0,4,0
Running,6/9/18 20:43,FALSE,Linn County Running,2.07,223,0:24:44,159,179,3.1,151,179,11:55,10:03,--,--,0.9,11.6,10.5,316,50.2% L / 49.8% R,0,0,0,24:44:00,0:00,0,0:00,No,00:00.0,3,0
Running,6/2/18 20:34,FALSE,Linn County Running,4,458,0:48:17,164,182,4.2,151,164,12:04,10:20,22,22,0.89,11.4,10.3,312,49.8% L / 50.2% R,0,0,0,48:17:00,0:00,0,0:00,No,00:00.0,5,0
Running,5/31/18 9:10,FALSE,Linn County Running,3.09,132,0:39:48,150,164,2.1,150,176,12:52,9:35,15,15,0.85,11.8,10.1,313,48.9% L / 51.1% R,0,0,0,39:48:00,0:00,0,0:00,No,00:00.0,4,0
Running,5/29/18 7:35,FALSE,Linn County Running,4,425,0:47:34,158,174,4,152,163,11:53,7:42,19,19,0.89,11.5,10.4,310,49.8% L / 50.2% R,0,0,0,47:34:00,0:00,0,0:00,No,00:00.0,5,0
Running,5/24/18 20:01,FALSE,Linn County Running,4,453,0:47:46,171,183,4.5,150,219,11:57,9:39,19,19,0.9,11.1,10.1,313,49.7% L / 50.3% R,0,0,0,47:46:00,0:00,0,0:00,No,00:00.0,4,0
Running,5/21/18 20:06,FALSE,Linn County Running,3.01,345,0:35:39,172,185,4,151,170,11:51,9:47,6,6,0.9,10.6,9.6,327,52.0% L / 48.0% R,0,0,0,35:39:00,0:00,0,0:00,No,00:00.0,4,0
Running,5/19/18 19:18,FALSE,Linn County Running,4,424,0:46:02,162,179,4.2,153,166,11:30,10:29,21,21,0.92,10.2,9.5,326,50.1% L / 49.9% R,0,0,0,46:02:00,0:00,0,0:00,No,00:00.0,4,0
Running,5/16/18 7:37,FALSE,Linn County Running,2,221,0:25:14,156,170,3.2,151,166,12:37,10:05,3,--,0.88,11.4,10.2,322,50.2% L / 49.8% R,0,0,0,25:14:00,0:00,0,0:00,No,00:00.0,2,0
Running,5/13/18 18:51,FALSE,Linn County Running,4,443,0:46:50,171,185,4.8,151,193,11:42,10:20,20,20,0.91,11,10.2,298,49.3% L / 50.7% R,0,0,0,46:50:00,0:00,0,0:00,No,00:00.0,5,0
Running,5/10/18 19:53,FALSE,Linn County Running,3.03,323,0:36:47,158,178,3.8,151,162,12:09,9:24,--,--,0.88,10.6,9.4,292,52.0% L / 48.0% R,0,0,0,36:47:00,0:00,0,0:00,No,00:00.0,4,0
Running,5/5/18 19:04,FALSE,Linn County Running,4,410,0:46:15,173,185,4.4,151,172,11:34,9:33,15,17,0.92,10.3,9.7,292,50.3% L / 49.7% R,0,0,0,46:15:00,0:00,0,0:00,No,00:00.0,4,0
Running,4/30/18 17:49,FALSE,Linn County Running,4,449,0:47:29,175,184,5,151,190,11:52,10:12,18,18,0.9,10.6,9.7,298,50.9% L / 49.1% R,0,0,0,47:29:00,0:00,0,0:00,No,00:00.0,5,0
Running,4/26/18 19:03,FALSE,Linn County Running,3.01,333,0:37:21,170,185,3.9,148,161,12:25,10:48,2,3,0.88,11.6,10.3,299,47.8% L / 52.2% R,0,0,0,37:21:00,0:00,0,0:00,No,00:00.0,4,0
Running,4/23/18 19:27,FALSE,Linn County Running,3.01,337,0:37:05,172,188,4,149,183,12:20,10:43,4,4,0.89,11.2,10.1,325,49.5% L / 50.5% R,0,0,0,37:05:00,0:00,0,0:00,No,00:00.0,4,0
Running,4/20/18 19:14,FALSE,Linn County Running,3.05,314,0:37:12,169,183,1,150,233,12:11,8:54,3,3,0.9,10.8,9.8,317,49.8% L / 50.2% R,0,0,0,37:12:00,0:00,0,0:00,No,00:00.0,4,0
Running,4/18/18 19:17,FALSE,Linn County Running,3.01,336,0:35:47,173,187,4.3,151,175,11:54,9:11,3,3,0.9,10.6,9.7,308,50.9% L / 49.1% R,0,0,0,35:47:00,0:00,0,0:00,No,00:00.0,4,0
Running,4/13/18 9:48,FALSE,Linn County Running,3,375,0:36:45,181,191,4.9,150,176,12:14,9:47,3,3,0.88,11.5,10.3,294,47.4% L / 52.6% R,0,0,0,36:45:00,0:00,0,0:00,No,00:00.0,4,0
Running,4/10/18 8:21,FALSE,Linn County Running,3.2,376,0:39:50,168,187,4.1,149,173,12:28,9:06,4,4,0.87,11.3,10,287,49.6% L / 50.4% R,0,0,0,39:50:00,0:00,0,0:00,No,00:00.0,4,0
Running,3/30/18 15:18,FALSE,Linn County Running,2.36,314,0:31:29,172,185,3.8,146,256,13:22,10:39,--,4,0.86,11.8,10.2,312,50.0% L / 50.0% R,0,0,0,31:29:00,0:00,0,0:00,No,00:00.0,3,0